{
  "meta": {
    "threshold": 0.5,
    "beta": 2.0,
    "min_consecutive": 1,
    "t_on": 0.5,
    "t_off": 0.5,
    "min_consecutive_on": 1,
    "min_consecutive_off": 1,
    "refractory": 0,
    "max_channels": 4,
    "n_train_epochs": 200,
    "n_eval_epochs": 200,
    "selected_channels": [
      0,
      1,
      2,
      3
    ],
    "selected_channel_names": [
      "Fp1",
      "Fp2",
      "F3",
      "F4"
    ],
    "balance": {
      "strategy": "oversample",
      "train_counts_before": {
        "0": 140,
        "1": 60
      },
      "train_counts_after": {
        "0": 140,
        "1": 140
      }
    }
  },
  "results": {
    "logreg": {
      "roc_auc": 0.40142857142857136,
      "accuracy": 0.565,
      "precision": 0.2,
      "sensitivity": 0.15,
      "specificity": 0.7428571428571429,
      "f1": 0.17142857142857143,
      "f_beta": 0.15789473684210525,
      "fpr": 0.2571428571428571,
      "tp": 9.0,
      "tn": 104.0,
      "fp": 36.0,
      "fn": 51.0
    },
    "svm_rbf": {
      "roc_auc": 0.511904761904762,
      "accuracy": 0.6,
      "precision": 0.3076923076923077,
      "sensitivity": 0.26666666666666666,
      "specificity": 0.7428571428571429,
      "f1": 0.2857142857142857,
      "f_beta": 0.273972602739726,
      "fpr": 0.2571428571428571,
      "tp": 16.0,
      "tn": 104.0,
      "fp": 36.0,
      "fn": 44.0
    },
    "rf": {
      "roc_auc": 0.48,
      "accuracy": 0.66,
      "precision": 0.35714285714285715,
      "sensitivity": 0.16666666666666666,
      "specificity": 0.8714285714285714,
      "f1": 0.22727272727272727,
      "f_beta": 0.18656716417910446,
      "fpr": 0.12857142857142856,
      "tp": 10.0,
      "tn": 122.0,
      "fp": 18.0,
      "fn": 50.0
    },
    "gb": {
      "roc_auc": 0.495952380952381,
      "accuracy": 0.69,
      "precision": 0.4782608695652174,
      "sensitivity": 0.36666666666666664,
      "specificity": 0.8285714285714286,
      "f1": 0.41509433962264153,
      "f_beta": 0.3846153846153846,
      "fpr": 0.17142857142857143,
      "tp": 22.0,
      "tn": 116.0,
      "fp": 24.0,
      "fn": 38.0
    },
    "knn": {
      "roc_auc": 0.4660714285714286,
      "accuracy": 0.51,
      "precision": 0.1935483870967742,
      "sensitivity": 0.2,
      "specificity": 0.6428571428571429,
      "f1": 0.19672131147540983,
      "f_beta": 0.19867549668874174,
      "fpr": 0.35714285714285715,
      "tp": 12.0,
      "tn": 90.0,
      "fp": 50.0,
      "fn": 48.0
    }
  }
}