model,roc_auc,accuracy,precision,sensitivity,specificity,f1,f_beta,fpr,tp,tn,fp,fn
logreg,0.40142857142857136,0.565,0.2,0.15,0.7428571428571429,0.17142857142857143,0.15789473684210525,0.2571428571428571,9.0,104.0,36.0,51.0
svm_rbf,0.511904761904762,0.6,0.3076923076923077,0.26666666666666666,0.7428571428571429,0.2857142857142857,0.273972602739726,0.2571428571428571,16.0,104.0,36.0,44.0
rf,0.48,0.66,0.35714285714285715,0.16666666666666666,0.8714285714285714,0.22727272727272727,0.18656716417910446,0.12857142857142856,10.0,122.0,18.0,50.0
gb,0.495952380952381,0.69,0.4782608695652174,0.36666666666666664,0.8285714285714286,0.41509433962264153,0.3846153846153846,0.17142857142857143,22.0,116.0,24.0,38.0
knn,0.4660714285714286,0.51,0.1935483870967742,0.2,0.6428571428571429,0.19672131147540983,0.19867549668874174,0.35714285714285715,12.0,90.0,50.0,48.0
