{
  "config": {
    "stats_metric": "roc_auc",
    "n_boot": 1000,
    "n_surrogates": 1000
  },
  "tests": {
    "kruskal_wallis": {
      "statistic": 11.171428571428564,
      "p_value": 0.024703471843335035,
      "groups": 5,
      "group_names": [
        "logreg",
        "svm_rbf",
        "rf",
        "gb",
        "knn"
      ],
      "group_sizes": [
        4,
        4,
        4,
        4,
        4
      ]
    },
    "bootstrap_ci": {
      "logreg": {
        "mean": 0.46285714285714286,
        "ci_lo": 0.41553571428571434,
        "ci_hi": 0.5101785714285714
      },
      "svm_rbf": {
        "mean": 0.5277380952380952,
        "ci_lo": 0.469702380952381,
        "ci_hi": 0.5857738095238095
      },
      "rf": {
        "mean": 0.5600446428571428,
        "ci_lo": 0.524047619047619,
        "ci_hi": 0.5951488095238096
      },
      "gb": {
        "mean": 0.545327380952381,
        "ci_lo": 0.5157142857142858,
        "ci_hi": 0.5863392857142857
      },
      "knn": {
        "mean": 0.4258779761904762,
        "ci_lo": 0.41374999999999995,
        "ci_hi": 0.4376041666666667
      }
    },
    "pairwise_comparisons": {
      "logreg_vs_svm_rbf": {
        "mean_diff": -0.0648809523809524,
        "p_value": 0.13686313686313686
      },
      "logreg_vs_rf": {
        "mean_diff": -0.0971875,
        "p_value": 0.13686313686313686
      },
      "logreg_vs_gb": {
        "mean_diff": -0.08247023809523812,
        "p_value": 0.13686313686313686
      },
      "logreg_vs_knn": {
        "mean_diff": 0.036979166666666674,
        "p_value": 0.5134865134865135
      },
      "svm_rbf_vs_rf": {
        "mean_diff": -0.032306547619047596,
        "p_value": 0.25874125874125875
      },
      "svm_rbf_vs_gb": {
        "mean_diff": -0.017589285714285724,
        "p_value": 0.5064935064935064
      },
      "svm_rbf_vs_knn": {
        "mean_diff": 0.10186011904761907,
        "p_value": 0.13686313686313686
      },
      "rf_vs_gb": {
        "mean_diff": 0.014717261904761872,
        "p_value": 0.6583416583416584
      },
      "rf_vs_knn": {
        "mean_diff": 0.13416666666666666,
        "p_value": 0.13686313686313686
      },
      "gb_vs_knn": {
        "mean_diff": 0.1194494047619048,
        "p_value": 0.13686313686313686
      }
    }
  },
  "summary": {
    "logreg": {
      "mean": 0.46285714285714286,
      "std": 0.04893472617992106,
      "median": 0.45958333333333334,
      "min": 0.4067857142857143,
      "max": 0.5254761904761904,
      "n_samples": 4
    },
    "svm_rbf": {
      "mean": 0.5277380952380952,
      "std": 0.05829025377202654,
      "median": 0.5304761904761904,
      "min": 0.4622619047619048,
      "max": 0.5877380952380953,
      "n_samples": 4
    },
    "rf": {
      "mean": 0.5600446428571428,
      "std": 0.040645814373925546,
      "median": 0.5683035714285715,
      "min": 0.4963095238095238,
      "max": 0.6072619047619047,
      "n_samples": 4
    },
    "gb": {
      "mean": 0.545327380952381,
      "std": 0.03588494690928971,
      "median": 0.5339285714285714,
      "min": 0.5086904761904762,
      "max": 0.6047619047619048,
      "n_samples": 4
    },
    "knn": {
      "mean": 0.4258779761904762,
      "std": 0.011787470933901577,
      "median": 0.4262797619047619,
      "min": 0.40892857142857136,
      "max": 0.44202380952380954,
      "n_samples": 4
    }
  }
}