{
  "config": {
    "stats_metric": "roc_auc",
    "n_boot": 100,
    "n_surrogates": 100
  },
  "tests": {
    "kruskal_wallis": {
      "statistic": 24.19172932330828,
      "p_value": 7.310833645156984e-05,
      "groups": 5,
      "group_names": [
        "logreg",
        "svm_rbf",
        "rf",
        "gb",
        "knn"
      ],
      "group_sizes": [
        8,
        8,
        8,
        8,
        8
      ]
    },
    "bootstrap_ci": {
      "logreg": {
        "mean": 0.41722470238095244,
        "ci_lo": 0.3807663690476191,
        "ci_hi": 0.4520438058035714
      },
      "svm_rbf": {
        "mean": 0.6141183035714286,
        "ci_lo": 0.5938430059523809,
        "ci_hi": 0.6335100446428572
      },
      "rf": {
        "mean": 0.5824962797619047,
        "ci_lo": 0.547607421875,
        "ci_hi": 0.6133858816964285
      },
      "gb": {
        "mean": 0.5425967261904762,
        "ci_lo": 0.5013950892857143,
        "ci_hi": 0.5796130952380953
      },
      "knn": {
        "mean": 0.5394345238095238,
        "ci_lo": 0.5109747023809524,
        "ci_hi": 0.5670991443452381
      }
    },
    "pairwise_comparisons": {
      "logreg_vs_svm_rbf": {
        "mean_diff": -0.19689360119047616,
        "p_value": 0.008991008991008992
      },
      "logreg_vs_rf": {
        "mean_diff": -0.16527157738095233,
        "p_value": 0.008991008991008992
      },
      "logreg_vs_gb": {
        "mean_diff": -0.12537202380952378,
        "p_value": 0.03496503496503497
      },
      "logreg_vs_knn": {
        "mean_diff": -0.12220982142857141,
        "p_value": 0.008991008991008992
      },
      "svm_rbf_vs_rf": {
        "mean_diff": 0.031622023809523836,
        "p_value": 0.23076923076923078
      },
      "svm_rbf_vs_gb": {
        "mean_diff": 0.07152157738095238,
        "p_value": 0.008991008991008992
      },
      "svm_rbf_vs_knn": {
        "mean_diff": 0.07468377976190475,
        "p_value": 0.008991008991008992
      },
      "rf_vs_gb": {
        "mean_diff": 0.03989955357142855,
        "p_value": 0.008991008991008992
      },
      "rf_vs_knn": {
        "mean_diff": 0.04306175595238092,
        "p_value": 0.03496503496503497
      },
      "gb_vs_knn": {
        "mean_diff": 0.0031622023809523697,
        "p_value": 0.7572427572427572
      }
    }
  },
  "summary": {
    "logreg": {
      "mean": 0.41722470238095244,
      "std": 0.0489586018908179,
      "median": 0.4140625,
      "min": 0.35416666666666674,
      "max": 0.4866071428571429,
      "n_samples": 8
    },
    "svm_rbf": {
      "mean": 0.6141183035714286,
      "std": 0.030455295802311377,
      "median": 0.6177455357142858,
      "min": 0.5699404761904762,
      "max": 0.6510416666666666,
      "n_samples": 8
    },
    "rf": {
      "mean": 0.5824962797619047,
      "std": 0.049229852519640425,
      "median": 0.5943080357142856,
      "min": 0.5066964285714286,
      "max": 0.6346726190476191,
      "n_samples": 8
    },
    "gb": {
      "mean": 0.5425967261904762,
      "std": 0.05515590171274927,
      "median": 0.5438988095238095,
      "min": 0.47842261904761907,
      "max": 0.6041666666666666,
      "n_samples": 8
    },
    "knn": {
      "mean": 0.5394345238095238,
      "std": 0.0429006527235889,
      "median": 0.5427827380952381,
      "min": 0.4791666666666667,
      "max": 0.5930059523809523,
      "n_samples": 8
    }
  }
}